{"meta": {"format": 2, "version": "7.5.3", "timestamp": "2024-06-10T00:33:49.946701", "branch_coverage": false, "show_contexts": false}, "files": {"django_softdelete/__init__.py": {"executed_lines": [1], "summary": {"covered_lines": 0, "num_statements": 0, "percent_covered": 100.0, "percent_covered_display": "100", "missing_lines": 0, "excluded_lines": 0}, "missing_lines": [], "excluded_lines": []}, "django_softdelete/admin.py": {"executed_lines": [1, 3, 5, 6, 9, 10, 13, 19, 20, 25, 33, 39, 40, 45, 53, 60], "summary": {"covered_lines": 14, "num_statements": 33, "percent_covered": 42.42424242424242, "percent_covered_display": "42", "missing_lines": 19, "excluded_lines": 0}, "missing_lines": [7, 11, 26, 27, 28, 29, 30, 31, 46, 47, 48, 49, 50, 51, 54, 55, 56, 57, 58], "excluded_lines": []}, "django_softdelete/exceptions.py": {"executed_lines": [1, 2], "summary": {"covered_lines": 2, "num_statements": 2, "percent_covered": 100.0, "percent_covered_display": "100", "missing_lines": 0, "excluded_lines": 0}, "missing_lines": [], "excluded_lines": []}, "django_softdelete/filters.py": {"executed_lines": [1, 4, 5, 6, 8, 15], "summary": {"covered_lines": 6, "num_statements": 9, "percent_covered": 66.66666666666667, "percent_covered_display": "67", "missing_lines": 3, "excluded_lines": 0}, "missing_lines": [9, 16, 24], "excluded_lines": []}, "django_softdelete/managers.py": {"executed_lines": [1, 11, 12, 20, 26, 27, 28, 30, 36, 39, 40, 45, 53, 54, 55, 56, 59, 60, 68, 75, 80, 81, 96, 103, 108, 109, 113], "summary": {"covered_lines": 22, "num_statements": 22, "percent_covered": 100.0, "percent_covered_display": "100", "missing_lines": 0, "excluded_lines": 0}, "missing_lines": [], "excluded_lines": []}, "django_softdelete/models.py": {"executed_lines": [1, 2, 3, 4, 5, 6, 8, 9, 10, 11, 12, 15, 16, 35, 36, 38, 39, 40, 42, 43, 47, 48, 54, 56, 57, 63, 65, 73, 74, 76, 86, 88, 89, 90, 93, 96, 98, 99, 101, 106, 107, 120, 121, 124, 126, 127, 128, 132, 133, 135, 146, 147, 148, 149, 150, 153, 156, 157, 158, 160, 165, 166, 172, 173, 174, 181, 182, 185, 189, 221, 222, 223, 224, 228, 229, 231, 233, 237, 254, 259, 265, 268, 269, 270, 279, 280, 281, 285, 302, 303, 304, 305, 306, 310, 320, 321, 322, 323, 328, 329, 330, 331, 335, 347, 348, 349, 373, 381, 382, 387, 397, 398, 399, 402, 405], "summary": {"covered_lines": 114, "num_statements": 146, "percent_covered": 78.08219178082192, "percent_covered_display": "78", "missing_lines": 32, "excluded_lines": 0}, "missing_lines": [94, 102, 154, 161, 177, 178, 226, 230, 234, 235, 238, 242, 243, 245, 246, 248, 249, 255, 256, 257, 260, 261, 262, 263, 266, 277, 282, 283, 307, 308, 383, 400], "excluded_lines": []}, "django_softdelete/signals.py": {"executed_lines": [1, 3, 4, 5], "summary": {"covered_lines": 4, "num_statements": 4, "percent_covered": 100.0, "percent_covered_display": "100", "missing_lines": 0, "excluded_lines": 0}, "missing_lines": [], "excluded_lines": []}, "test_app/__init__.py": {"executed_lines": [1], "summary": {"covered_lines": 0, "num_statements": 0, "percent_covered": 100.0, "percent_covered_display": "100", "missing_lines": 0, "excluded_lines": 0}, "missing_lines": [], "excluded_lines": []}, "test_app/admin.py": {"executed_lines": [1], "summary": {"covered_lines": 1, "num_statements": 1, "percent_covered": 100.0, "percent_covered_display": "100", "missing_lines": 0, "excluded_lines": 0}, "missing_lines": [], "excluded_lines": []}, "test_app/apps.py": {"executed_lines": [1, 4, 5, 6], "summary": {"covered_lines": 4, "num_statements": 4, "percent_covered": 100.0, "percent_covered_display": "100", "missing_lines": 0, "excluded_lines": 0}, "missing_lines": [], "excluded_lines": []}, "test_app/management/__init__.py": {"executed_lines": [1], "summary": {"covered_lines": 0, "num_statements": 0, "percent_covered": 100.0, "percent_covered_display": "100", "missing_lines": 0, "excluded_lines": 0}, "missing_lines": [], "excluded_lines": []}, "test_app/models.py": {"executed_lines": [1, 3, 6, 7, 8, 11, 12, 15, 16, 19, 20, 27, 28, 29, 30, 31, 33, 35, 37, 40, 41, 44, 45, 48, 49, 52, 53, 54, 57, 58, 59, 62, 63, 64, 67, 68, 69, 72, 73, 76, 77], "summary": {"covered_lines": 41, "num_statements": 41, "percent_covered": 100.0, "percent_covered_display": "100", "missing_lines": 0, "excluded_lines": 0}, "missing_lines": [], "excluded_lines": []}, "test_project/__init__.py": {"executed_lines": [1], "summary": {"covered_lines": 0, "num_statements": 0, "percent_covered": 100.0, "percent_covered_display": "100", "missing_lines": 0, "excluded_lines": 0}, "missing_lines": [], "excluded_lines": []}, "test_project/settings.py": {"executed_lines": [1, 3, 4, 6, 8, 10, 23, 33, 35, 51, 53, 60, 75, 76, 77, 78, 79, 80], "summary": {"covered_lines": 18, "num_statements": 18, "percent_covered": 100.0, "percent_covered_display": "100", "missing_lines": 0, "excluded_lines": 0}, "missing_lines": [], "excluded_lines": []}, "tests/__init__.py": {"executed_lines": [1], "summary": {"covered_lines": 0, "num_statements": 0, "percent_covered": 100.0, "percent_covered_display": "100", "missing_lines": 0, "excluded_lines": 0}, "missing_lines": [], "excluded_lines": []}, "tests/conftest.py": {"executed_lines": [1, 2, 4, 5, 6, 8, 10, 13, 14, 15, 16, 21, 22, 23, 26, 27, 28, 31, 32, 33, 36, 37, 38, 46, 47, 48, 56, 57, 58, 66, 67, 68, 75, 76, 77, 82, 83, 84, 87, 88, 89, 92, 93, 97, 98, 102, 103, 107, 108, 109, 112, 113, 114, 117, 118, 119, 120, 121, 122, 123, 124, 125, 126, 127, 128, 129, 130, 131, 132, 135, 136, 144, 145, 146, 147, 148, 149, 150, 151, 153, 154], "summary": {"covered_lines": 81, "num_statements": 89, "percent_covered": 91.01123595505618, "percent_covered_display": "91", "missing_lines": 8, "excluded_lines": 0}, "missing_lines": [94, 99, 104, 137, 138, 139, 140, 141], "excluded_lines": []}, "tests/test_models.py": {"executed_lines": [1, 3, 4, 5, 6, 8, 9, 10, 11, 13, 14, 17, 18, 19, 25, 50, 52, 58, 68, 69, 73, 74, 75, 77, 81, 82, 83, 84, 85, 86, 88, 92, 93, 94, 95, 96, 97, 99, 103, 104, 106, 107, 108, 109, 128, 132, 133, 135, 136, 138, 140, 144, 145, 147, 148, 149, 150, 151, 153, 155, 159, 160, 161, 163, 164, 165, 167, 168, 170, 174, 175, 176, 178, 179, 180, 181, 182, 183, 185, 186, 187, 188, 189, 190, 192, 196, 197, 198, 200, 201, 202, 203, 204, 205, 207, 208, 209, 210, 211, 213, 217, 218, 219, 220, 222, 223, 224, 225, 226, 227, 229, 230, 231, 232, 233, 234, 235, 236, 237, 239, 244, 245, 247, 248, 249, 250, 251, 252, 253, 256, 257, 259, 264, 265, 266, 269, 275, 276, 277, 278, 279, 280, 281, 282, 283, 284, 285, 288, 292, 293, 294, 295, 297, 298, 299, 300, 301, 303, 308, 309, 310, 311, 312, 313, 315, 316, 321, 322, 323, 324, 326, 327, 332, 333, 334, 335, 337, 338, 339, 340, 342, 345, 346, 347, 353, 354, 355, 364, 367, 368, 369, 370, 374, 377, 378, 379, 380, 381, 382, 383, 384, 385], "summary": {"covered_lines": 201, "num_statements": 206, "percent_covered": 97.57281553398059, "percent_covered_display": "98", "missing_lines": 5, "excluded_lines": 0}, "missing_lines": [51, 348, 349, 350, 351], "excluded_lines": []}}, "totals": {"covered_lines": 508, "num_statements": 575, "percent_covered": 88.34782608695652, "percent_covered_display": "88", "missing_lines": 67, "excluded_lines": 0}}